title,state,year
"The Karnataka Government Educational Institution’s Lands (Protection and Regularisation) Bill, 2026",Karnataka,2026
"The Karnataka Tax on Profession, Trades, Callings and Employments (Amendment) Bill, 2026",Karnataka,2026
"The Karnataka Freedom of Choice in Marriage and Prevention and Prohibition of Crimes in the name of Honour and Tradition (Eva Nammava Eva Nammava) Bill, 2026",Karnataka,2026
"The Karnataka Municipalities and Certain other Laws (Amendment) Bill, 2026",Karnataka,2026
"The Karnataka Police (Amendment) Bill, 2026",Karnataka,2026
"The Karnataka Gram Swaraj and Panchayat Raj (Amendment) Bill, 2026",Karnataka,2026
"The Karnataka Jnana Bhandar Manuscripts and Digitisation Bill, 2026",Karnataka,2026
"The Karnataka Motor Vehicles Taxation (Amendment) Bill, 2026",Karnataka,2026
"The Karnataka State Civil Services (Regulation of Transfer of Teachers) (Amendment) Bill, 2026",Karnataka,2026
"The Karnataka Lokayukta (Amendment) Bill, 2026",Karnataka,2026
"The Karnataka Public Service Commission (Conduct of Business and Additional Functions) (Amendment) Bill, 2025",Karnataka,2025
"The Karnataka Scheduled Castes (Sub-Classification) Bill, 2025",Karnataka,2025
"The Karnataka State Commission for the Scheduled Castes and the Scheduled Tribes (Amendment) Bill, 2025",Karnataka,2025
"The Karnataka Private Medical Establishments (Amendment) Bill, 2025",Karnataka,2025
"The Karnataka State Road Safety Authority (Amendment) Bill, 2025",Karnataka,2025
"The Nadaprabhu Kempegowda Heritage Area Development Authority (Second Amendment) Bill, 2025",Karnataka,2025
"The Bombay Public Trust (Karnataka Amendment) Bill, 2025",Karnataka,2025
"The Bengaluru Metropolitan Land Transport Authority (Amendment) Bill, 2025",Karnataka,2025
"The Karnataka Social Boycott (Prevention, Prohibition and Redressal) Bill, 2025",Karnataka,2025
"The Greater Bengaluru Governance (Second Amendment) Bill, 2025",Karnataka,2025
"The Karnataka Tax on Profession, Trades, Callings and Employments (Amendment) Bill, 2025",Karnataka,2025
"The Karnataka Hate Speech and Hate Crimes (Prevention) Bill, 2025",Karnataka,2025
"The Karnataka Hindu Religious Institutions and Charitable Endowments (Amendment) Bill, 2025",Karnataka,2025
"Shree Chamundeshwari Kshetra Development Authority and Certain Other Laws (Amendment) Bill, 2025",Karnataka,2025
"The Malnad Area Development Board (Amendment) Bill, 2025",Karnataka,2025
"The Bayaluseeme Development Board (Amendment) Bill, 2025",Karnataka,2025
"The Karnataka State Universities (Second Amendment) Bill, 2025",Karnataka,2025
"The Karnataka Cine and Cultural Activities (Welfare) (Amendment) Bill, 2025",Karnataka,2025
"The Drugs and Cosmetics (Karnataka Amendment) Bill, 2025",Karnataka,2025
"The Chandragutti Shree Renukamba Kshetra Development Authority Bill, 2025",Karnataka,2025
"The Karnataka State Rural Development and Panchayat Raj University (Amendment) Bill, 2025",Karnataka,2025
"Sri Malai Mahadeshwaraswamy Kshetra Development Authority (Amendment) Bill, 2025",Karnataka,2025
"The Karnataka Labour Welfare Fund (Amendment) Bill, 2025",Karnataka,2025
"The Karnataka Rent (Amendment) Bill, 2025",Karnataka,2025
"The Basavanagudi Development Authority (Amendment) Bill, 2025",Karnataka,2025
"The Karnataka Elevators, Escalators and Passenger Conveyors (Amendment) Bill, 2025",Karnataka,2025
"The Karnataka Appointment of Recovery Commissioners for Seizure and Confiscation of Property arising from Illegal Mining and Proceeds of Crime Bill, 2025",Karnataka,2025
"The Karnataka Crowd Control (Managing Crowd at Events and place of Gathering) Bill, 2025",Karnataka,2025
"The Karnataka Traditional Nomadic Shepherds (Welfare Promotion Measures and Protection against Atrocities) Bill, 2025",Karnataka,2025
"The Karnataka Land Revenue (Second Amendment) Bill, 2025",Karnataka,2025
"The Karnataka Micro Loan and Small Loan (Prevention of Coercive Actions) Bill, 2025",Karnataka,2025
"The Karnataka Immorality (Amendment of Provisions) Bill, 2025",Karnataka,2025
"The Greater Bangalore Administration (Amendment) Bill, 2025",Karnataka,2025
"The Karnataka Goods and Services Tax (Amendment) Bill, 2025",Karnataka,2025
"The Karnataka Municipal Corporations (Amendment) Bill, 2025",Karnataka,2025
"The Karnataka Town and Country Planning and Certain Other Laws (Amendment) Bill, 2025",Karnataka,2025
"The Karnataka Devadasi (Prevention, Prohibition, Redress and Rehabilitation) Bill, 2025",Karnataka,2025
"The Karnataka Municipalities and Certain Other Laws (Amendment) Bill, 2025",Karnataka,2025
"The Maharashtra Stamp (Amendment) Bill, 2026",Maharashtra,2026
"The Maharashtra Private Universities (Establishment and Regulation) (Amendment) Bill, 2026",Maharashtra,2026
"The Maharashtra Private Skills Universities (Establishment and Regulation) (Amendment) Bill, 2026",Maharashtra,2026
"The Maharashtra Stamp (Second Amendment) Bill, 2026",Maharashtra,2026
"The Maharashtra Lifts, Escalators and Moving Walks (Amendment) Bill, 2026",Maharashtra,2026
"The Maharashtra Unaided Private Professional Educational Institutions (Regulation of Admissions and Fees) (Amendment) Bill, 2026",Maharashtra,2026
"The Mumbai Municipal Corporation (Amendment, Re-enactment of Capital Value Rules with retrospective effect and Validation) Bill, 2026",Maharashtra,2026
"The Bharatiya Nyaya Sanhita (Maharashtra Amendment) Bill, 2026",Maharashtra,2026
"The Maharashtra Settlement of Arrears of Tax, Interest, Penalty or Late Fee (Amendment and Validation) Bill, 2026",Maharashtra,2026
"The Maharashtra Land Revenue Code (Second Amendment) Bill, 2026",Maharashtra,2026
"The Maharashtra Tenancy and Agricultural Lands Laws (Amendment) Bill, 2026",Maharashtra,2026
"The Wild Life (Protection) (Maharashtra Amendment) Bill, 2026",Maharashtra,2026
"The Maharashtra Motor Vehicles Tax (Amendment) Bill, 2026",Maharashtra,2026
"The Maharashtra Public Universities (Second Amendment) Bill, 2026",Maharashtra,2026
"The Maharashtra Freedom of Religion Bill, 2026",Maharashtra,2026
"The Maharashtra Land Revenue Code (Amendment) Bill, 2026",Maharashtra,2026
"The Maharashtra Zilla Parishads and Panchayat Samitis (Amendment) Bill, 2026",Maharashtra,2026
"The Maharashtra Repealing Bill, 2026",Maharashtra,2026
"The Maharashtra Self-financed Schools (Establishment and Regulation) (Amendment) Bill, 2026",Maharashtra,2026
"The Maharashtra Zilla Parishads and Panchayat Samitis (Second Amendment) Bill, 2026",Maharashtra,2026
"The Indian Partnership (Maharashtra Amendment) Bill, 2026",Maharashtra,2026
"The Maharashtra Public Universities (Amendment) Bill, 2026",Maharashtra,2026
"The Maharashtra Municipal Councils, Nagar Panchayats and Industrial Townships (Amendment) Bill, 2026",Maharashtra,2026
"The Bharatiya Nagarik Suraksha Sanhita (Maharashtra Amendment) Bill, 2026",Maharashtra,2026
"The Maharashtra Private Universities (Establishment and Regulation) (Second Amendment) Bill, 2025",Maharashtra,2025
"The Maharashtra Public Universities (Amendment) Bill, 2025",Maharashtra,2025
"The Maharashtra Land Revenue Code (Second Amendment) Bill, 2025",Maharashtra,2025
"The Maharashtra Jan Vishwas (Amendment of Provisions) Bill, 2025",Maharashtra,2025
"The Maharashtra Public Trusts (Third Amendment) Bill, 2025",Maharashtra,2025
"The Maharashtra Prevention of Fragmentation and Consolidation of Holdings (Amendment) Bill, 2025",Maharashtra,2025
"The Maharashtra Agricultural Produce Marketing (Development and Regulation) (Amendment) Bill, 2025",Maharashtra,2025
"The Maharashtra Public Trusts (Second Amendment) Bill, 2025",Maharashtra,2025
"The Maharashtra Shops and Establishments (Regulation of Employment and Conditions of Service) (Amendment) Bill, 2025",Maharashtra,2025
"The Maharashtra Private Universities (Establishment and Regulation) (Amendment) Bill, 2025",Maharashtra,2025
"The Maharashtra Regional and Town Planning (Amendment) Bill, 2025",Maharashtra,2025
"The Maharashtra State Commission for Scheduled Castes Bill, 2025",Maharashtra,2025
"The Maharashtra Village Panchayats (Amendment and Validation) Bill, 2025",Maharashtra,2025
"The Maharashtra Control of Organised Crime (Amendment) Bill, 2025",Maharashtra,2025
"The Maharashtra Slum Areas (Improvement, Clearance and Redevelopment) (Second Amendment) Bill, 2025",Maharashtra,2025
"The Maharashtra Unaided Private Professional Educational Institutions (Regulation of Admissions and Fees) (Amendment) Bill, 2025",Maharashtra,2025
"The Maharashtra Settlement of Arrears of Tax, Interest, Penalty or Late Fee (Payable by Public Sector Undertaking Companies) (Amendment and Validation) Bill, 2025",Maharashtra,2025
"The Maharashtra Goods and Services Tax (Amendment) Bill, 2025",Maharashtra,2025
"The Maharashtra State Commission for Scheduled Tribes Bill, 2025",Maharashtra,2025
"The Nashik-Trimbakeshwar Kumbh Mela Authority Bill, 2025",Maharashtra,2025
"The Gadchiroli District Mining Authority Bill, 2025",Maharashtra,2025
"The Tamil Nadu Prevention of Begging (Amendment) Bill, 2026",Tamil Nadu,2026
"The Tamil Nadu Agricultural Produce Marketing (Regulation) Amendment Bill, 2026",Tamil Nadu,2026
"The Tamil Nadu Panchayats (Amendment) Bill, 2026",Tamil Nadu,2026
"The Tamil Nadu Water Resources (Regulation, Management and Augmentation) Bill, 2026",Tamil Nadu,2026
"The Tamil Nadu Appointment on Preferential Basis in the Services under the State of Persons Studied in Tamil Medium (Amendment and Validation) Bill, 2026",Tamil Nadu,2026
"The Tamil Nadu Special Area Development Authorities Bill, 2026",Tamil Nadu,2026
"The Tamil Nadu Repealing (Second) Bill, 2026",Tamil Nadu,2026
"The Tamil Nadu Fiscal Responsibility (Amendment) Bill, 2026",Tamil Nadu,2026
"The Tamil Nadu Schools (Regulation of Collection of Fee) Amendment Bill, 2026",Tamil Nadu,2026
"The Tamil Nadu Repealing Bill, 2026",Tamil Nadu,2026
"The Tamil Nadu Urban Local Bodies (Amendment) Bill, 2025",Tamil Nadu,2025
"The Tamil Nadu Forest (Amendment) Bill, 2025",Tamil Nadu,2025
"The Chennai Metropolitan Water Supply and Sewerage (Amendment) Bill, 2025",Tamil Nadu,2025
"The Tamil Nadu Private Colleges (Regulation) Amendment Bill, 2025",Tamil Nadu,2025
"The Tamil Nadu Admission in Professional Educational Institutions (Amendment Bill, 2025",Tamil Nadu,2025
"The Tamil Nadu Hindu Religious and Charitable Endowments (Amendment) Bill, 2025",Tamil Nadu,2025
"The Tamil Nadu Panchayats (Amendment) Bill, 2025",Tamil Nadu,2025
"The Tamil Nadu Tax on Consumption or Sale of Electricity (Amendment) Bill, 2025",Tamil Nadu,2025
"The Tamil Nadu Maritime Board (Amendment) Bill, 2025",Tamil Nadu,2025
"The Tamil Nadu Highways (Amendment) Bill, 2025",Tamil Nadu,2025
"The Tamil Nadu Panchayats (Fifth Amendment) Bill, 2025",Tamil Nadu,2025
"The Tamil Nadu Public Service Commission (Additional Functions) Amendment Bill, 2025",Tamil Nadu,2025
"The Tamil Nadu Siddha Medical University Bill, 2025",Tamil Nadu,2025
"The The Tamil Nadu Transparency in Tenders (Amendment) Bill, 2025",Tamil Nadu,2025
"The Tamil Nadu Panchayats (Fourth Amendment) Bill, 2025",Tamil Nadu,2025
"The Tamil Nadu Repealing (Second) Bill, 2025",Tamil Nadu,2025
"The Tamil Nadu Repealing Bill, 2025",Tamil Nadu,2025
"The Tamil Nadu Prohibition of Harassment of Woman (Amendment) Bill, 2025",Tamil Nadu,2025
"The Tamil Nadu Dr. Ambedkar Law University (Amendment) Bill, 2025",Tamil Nadu,2025
"The Tamil Nadu Private Universities (Amendment) Bill, 2025",Tamil Nadu,2025
"The Tamil Nadu Payment of Salaries (Amendment) Bill, 2025",Tamil Nadu,2025
"The Tamil Nadu Lifts and Escalators (Amendment) Bill, 2025",Tamil Nadu,2025
"The Tamil Nadu Physical Education and Sports University (Amendment) Bill, 2025",Tamil Nadu,2025
"The Tamil Nadu Shops and Establishments (Amendment) Bill, 2025",Tamil Nadu,2025
"The Criminal Laws (Tamil Nadu Amendment) Bill, 2025",Tamil Nadu,2025
"The Kalaignar University Bill, 2025",Tamil Nadu,2025
"The Registration (Tamil Nadu Amendment) Bill, 2025",Tamil Nadu,2025
"The Tamil Nadu Goods and Services Tax (Amendment) Bill, 2025",Tamil Nadu,2025
"The Tamil Nadu Town and Country Planning (Amendment) Bill, 2025",Tamil Nadu,2025
"The Tamil Nadu Panchayats (Third Amendment) Bill, 2025",Tamil Nadu,2025
"The Tamil Nadu Urban Local Bodies (Second Amendment) Bill, 2025",Tamil Nadu,2025
"The Tamil Nadu Fire and Rescue Services Bill, 2025",Tamil Nadu,2025
"The Tamil Nadu Prevention of Dangerous Activities of Bootleggers, Cyber law offenders, Drug offenders, Forestoffenders, Goondas, Immoral Traffic Offenders, Sand-offenders, Sexual-offenders, Slum-grabbers and Video Pirates (Amendment) Bill, 2025",Tamil Nadu,2025
"The Tamil Nadu Money Lending Entities (Prevention of Coercive Actions) Bill, 2025",Tamil Nadu,2025
"The Tamil Nadu Panchayats (Second Amendment) Bill, 2025",Tamil Nadu,2025
"The Tamil Nadu Borstal Schools (Repeal) Bill, 2025",Tamil Nadu,2025
"The Tamil Nadu State Highways Authority Bill, 2024",Tamil Nadu,2024
"The Tamil Nadu Highways (Amendment) Bill, 2024",Tamil Nadu,2024
"The Tamil Nadu Panchayats (Fifth Amendment) Bill, 2024",Tamil Nadu,2024
"The Tamil Nadu Panchayats (Fourth Amendment) Bill, 2024",Tamil Nadu,2024
"The Saurashtra Gharkhed, Ganot Administration Settlement and Agricultural Land (Gujarat Amendment) Bill, 2026",Gujarat,2026
"The Gujarat Control of Terrorism and Organised Crime (Amendment) Bill, 2026",Gujarat,2026
"The Gujarat Shops and Establishments (Regulation of Employment and Conditions of Service) (Amendment) Bill, 2026",Gujarat,2026
"The Gujarat Land Revenue (Amendment) Bill, 2025",Gujarat,2025
"The Gujarat Bovine Breeding (Regulation) Bill, 2025",Gujarat,2025
"The Gujarat Goods and Services Tax (Amendment) Bill, 2025",Gujarat,2025
"The Gujarat Professional Civil Engineer (Repeal) Bill, 2025",Gujarat,2025
"The Gujarat Clinical Establishments (Registration and Regulation) (Amendment) Bill, 2025",Gujarat,2025
"The Gujarat Factories (Gujarat Amendment) Bill, 2025",Gujarat,2025
"The Gujarat State Council for Physiotherapy (Repeal) Bill, 2025",Gujarat,2025
"The Gujarat Medical Practitioners’ (Amendment) Bill, 2025",Gujarat,2025
"The Gujarat Clinical Establishments (Registration and Regulation) (Second Amendment) Bill, 2025",Gujarat,2025
"The Gujarat Goods and Services Tax (Second Amendment) Bill, 2025",Gujarat,2025
"The Gujarat Jan Vishwas (Amendment of Provisions) Bill, 2025",Gujarat,2025
"The Gujarat Fisheries (Amendment) Bill, 2025",Gujarat,2025
"The Gujarat State Cancer and Drug Addiction Treatment Infrastructure Fund Bill, 2025",Gujarat,2025
"The Gujarat Right to Health Bill, 2025",Gujarat,2025
"The Gujarat State Sportsmen Encouragement Bill, 2025",Gujarat,2025
"The Gujarat Stamp (Amendment) Bill, 2025",Gujarat,2025
"The Dhirubhai Ambani Institute of Information and Communication Technology (Amendment) Bill, 2024",Gujarat,2024
"The Gujarat Co-operative Societies (Amendment) Bill, 2024",Gujarat,2024
"The Gujarat Prohibition (Amendment) Bill, 2024",Gujarat,2024
"The Gujarat University of Transplantation Sciences (Amendment) Bill, 2024",Gujarat,2024
"The Gujarat Rents, Hotel and Lodging House Rates Control (Revival of Operation and Amendment) Bill, 2024",Gujarat,2024
"The Gujarat State Employment of Local Candidates Bill, 2023",Gujarat,2026
"The Gujarat Special Courts Bill, 2024",Gujarat,2024
"The Gujarat Private Universities (Amendment) Bill, 2024",Gujarat,2024
"The Gujarat Goods and Services Tax (Amendment) Bill, 2024",Gujarat,2024
"The Gujarat Prevention and Eradication of Human Sacrifice and other Inhuman, Evil and Aghori Practices and Black Magic Bill, 2024",Gujarat,2024
"The Gujarat Tenancy and Agricultural Land Laws (Amendment) Bill, 2024",Gujarat,2024
"The Gujarat Prevention of Water Pollution and Purification of Rivers Bill, 2023",Gujarat,2026
"The Gujarat Prohibition on holding protest in a Public Places Bill, 2023",Gujarat,2026
"The Gujarat Promotion of Small Family (Incentive) Bill, 2023",Gujarat,2026
"The Gujarat Prevention of people from illegally pulling out water from Government Network of Water Supply Bill, 2023",Gujarat,2026
"The Gujarat Prohibition of Transfer of Immovable Property and Provision for Protection of Tenants from Eviction from Premises in Disturbed Areas (Repeal) Bill, 2023",Gujarat,2026
"The Gujarat Employment Guarantee Bill, 2023",Gujarat,2026
"The Gujarat Compulsory Teaching and Learning of Gujarati Language Bill, 2023",Gujarat,2026
"The Gujarat Agricultural Produce and Marketing (Promotion and Facilitation) (Amendment) Bill, 2023",Gujarat,2026
"The Gujarat Public Universities Bill, 2023",Gujarat,2026
"The Gujarat Natural Farming and Organic Agricultural University (Amendment) Bill, 2023",Gujarat,2026
"The Gujarat Local Authorities Laws (Amendment) Bill, 2023",Gujarat,2026
"The Gujarat Private Universities (Second Amendment) Bill, 2023",Gujarat,2026
"The Children's University (Amendment) Bill, 2023",Gujarat,2026
"The Kerala Finance Bill, 2026",Kerala,2026
"The Kerala Advocates Welfare Fund (Amendment) Bill, 2026",Kerala,2026
"The Kerala Advocates Clerks Welfare Fund (Amendment) Bill, 2026",Kerala,2026
"The Abkari (Amendment) Bill, 2026",Kerala,2026
"The Kerala Nativity Card Bill, 2026",Kerala,2026
"The Kerala Finance (No. 2) Bill, 2026",Kerala,2026
"The Kerala Public Service Commission (Additional Functions in Relation to Services under the Kerala State Biodiversity Board) Bill, 2025",Kerala,2025
"The University Laws (Amendment) (No.4) Bill, 2025",Kerala,2025
"The University Laws (Amendment) (No.3) Bill, 2025",Kerala,2025
"The Kerala Right to Public Service Bill, 2025",Kerala,2025
"The Malayalam Language Bill, 2025",Kerala,2025
"The Kerala Single Dwelling Place Protection Bill, 2025",Kerala,2025
"The Kerala Industrial Single Window Clearance Boards and Industrial Township Area Development (Amendment) Bill, 2025",Kerala,2025
"The Kerala Municipality (Amendment) Bill, 2025",Kerala,2025
"The Kerala Panchayat Raj (Amendment) Bill, 2025",Kerala,2025
"The Kerala University of Digital Sciences, Innovation and Technology (Amendment) Bill, 2025",Kerala,2025
"The Kerala Excess Land in Private Holding (Regularization) Bill, 2025",Kerala,2025
"The Prevention of Cruelty to Animals (Kerala Amendment) Bill, 2025",Kerala,2025
"The Wild Life Protection (Kerala Amendment) Bill, 2025",Kerala,2025
"The Kerala Forest (Amendment) Bill, 2025",Kerala,2025
"The Kerala Coir Workers’ Welfare Fund (Amendment) Bill, 2025",Kerala,2025
"The Kerala Public Service Commission (Additional Functions as Respects the Services under the Universities) Amendment Bill, 2025",Kerala,2025
"The Kerala Societies Registration Bill, 2025",Kerala,2025
"The Kerala Coir Workers’ Welfare Cess (Amendment) Bill, 2025",Kerala,2025
"The Guruvayoor Devaswom (Amendment) Bill, 2025",Kerala,2025
"The Kerala Finance Bill, 2025",Kerala,2025
"The Kerala State Private Universities (Establishment and Regulation) Bill, 2025",Kerala,2025
"The University Laws (Amendment) (No.2) Bill, 2025",Kerala,2025
"The University Laws (Amendment) Bill, 2025",Kerala,2025
"The Kerala State Elderly Commission Bill, 2025",Kerala,2025
"The Kerala Sports (Amendment) Bill, 2024",Kerala,2024
"The Kerala Industrial Infrastructure Development (Amendment) Bill, 2024",Kerala,2024
"The Kerala Forest (Amendment) Bill, 2024",Kerala,2024
"The Kerala Taxation Laws (Amendment) Bill, 2024",Kerala,2024
"The Kerala Clinical Establishments (Registration and Regulation) Amendment Bill, 2024",Kerala,2024
"The Kerala Micro Small and Medium Enterprises and Other Enterprises Facilitation (Amendment) Bill, 2024",Kerala,2024
"The Kerala Industrial Single Window Clearance Boards and Industrial Township Area Development (Amendment) Bill, 2024",Kerala,2024
"The Kerala Repealing And Saving Bill, 2024",Kerala,2024
"The Non-Resident Keralites' Welfare (Amendment) Bill, 2024",Kerala,2024
"The Kerala Revenue Recovery (Amendment) Bill, 2024",Kerala,2024
"The Kerala Panchayat Raj (Second Amendment) Bill, 2024",Kerala,2024
"The Kerala Municipality (Second Amendment) Bill, 2024",Kerala,2024
"The Kerala General Sales Tax (Amendment) Bill, 2024",Kerala,2024
"The Kerala Finance Bill, 2024",Kerala,2024
"Shri Guru Teg Bahadur World Class University, Punjab Bill, 2026",Punjab,2026
"The Punjab Regulation of Crusher Units, and Stockists and Retailers (Amendment) Bill, 2026",Punjab,2026
"The Transfer of Prisoners (Punjab Amendment) Bill, 2025",Punjab,2025
"The Indian Stamp (Punjab Amendment) Bill, 2025",Punjab,2025
"The Punjab Land Revenue (Amendment) Bill, 2025",Punjab,2025
"The Punjab Abadi Deh (Record of Rights) Amendment Bill, 2025",Punjab,2025
"The Indian Stamp (Punjab Second Amendment) Bill, 2025",Punjab,2025
"The Punjab Town Improvement (Amendment) Bill, 2025",Punjab,2025
"The Punjab Co-operative Societies (Amendment) Bill, 2025",Punjab,2025
"The Punjab Apartment and Property Regulation (Amendment) Bill, 2025",Punjab,2025
"The Punjab Goods and Services Tax (Amendment) Bill, 2025",Punjab,2025
"The Punjab Right to Business (Amendment) Bill, 2025",Punjab,2025
"The Seeds (Punjab Amendment) Bill, 2025",Punjab,2025
"The Punjab Prevention of Offences against Holy Scriptures Bill, 2025",Punjab,2025
"The Punjab State Development Tax (Amendment) Bill, 2025",Punjab,2025
"The Prevention of Cruelty to Animals (Punjab Amendment) Bill, 2025",Punjab,2025
"The Punjab Labour Welfare Fund (Amendment) Bill, 2025",Punjab,2025
"The Punjab Shops and Commercial Establishments (Amendment) Bill, 2025",Punjab,2025
"The C.G.C. University, Mohali Bill, 2025",Punjab,2025
"The Rayat Bahra Professional University, Hoshiarpur Bill, 2025",Punjab,2025
"The Punjab Law Officers (Engagement) Amendment Bill, 2025",Punjab,2025
"The Punjab Regulation of Crusher Units, and Stockists and Retailers Bill, 2025",Punjab,2025
"The Punjab Water Resources (Management and Regulation) Amendment Bill, 2025",Punjab,2025
"The Punjab Fire and Emergency Service Bill, 2024",Punjab,2024
"The Punjab Goods and Services Tax (Amendment) Bill, 2024",Punjab,2024
"The Punjab Apartment and Property Regulation (Amendment) Bill, 2024",Punjab,2024
"The East Punjab War Awards (Amendment) Bill, 2024",Punjab,2024
"The Punjab State Election Commission (Amendment) Bill, 2024",Punjab,2024
"The Punjab Agricultural Produce Markets (Amendment) Bill, 2024",Punjab,2024
"The Punjab Panchayati Raj (Amendment) Bill, 2024",Punjab,2024
"The Punjab Agricultural Produce Markets (Amendment) Bill, 2023",Punjab,2026
"The Salaries and Allowances of Chief Whip in Punjab Legislative Assembly Bill, 2023",Punjab,2026
"The Punjab State Commission for Scheduled Castes (Amendment) Bill, 2023",Punjab,2026
"The Punjab Canel and Drainage Bill, 2023",Punjab,2026
"The Indian Stamp (Punjab Amendment) Bill, 2023",Punjab,2026
"The Punjab Fiscal Responsibility and Budget Management (Amendment) Bill, 2023",Punjab,2026
"The Punjab Goods and Services Tax (Amendment) Bill, 2023",Punjab,2026
"The Registration (Punjab Amendment) Bill, 2023",Punjab,2026
"The Transfer of Property (Punjab Amendment) Bill, 2023",Punjab,2026
"The Punjab Universities Law (Amendment) Bill, 2023",Punjab,2026
"The Sikh Gurdwaras (Amendment) Bill, 2023",Punjab,2026
"The Punjab Affiliated Colleges (Security of Service) Amendment Bill, 2023",Punjab,2026
"The Punjab Police (Amendment) Bill, 2023",Punjab,2026
"The Punjab State Vigilance Commission (Repeal) Bill, 2022",Punjab,2026
"The Punjab Fiscal Responsibility and Budget Management (Amendment) Bill, 2022",Punjab,2026
"The Punjab State Legislature Members (Pension and Medical Facilities Regulation) Amendment Bill, 2022",Punjab,2026
"The Punjab Agricultural Produce Markets (Amendment) Bill, 2022",Punjab,2026
"The Punjab Rural Development (Amendment) Bill, 2022",Punjab,2026
"The West Bengal Panchayat (Amendment) Bill, 2026",West Bengal,2026
"The Murshidabad University (Amendment) Bill, 2026",West Bengal,2026
"The Howrah Municipal Corporation (Amendment) Bill, 2026",West Bengal,2026
"The Bengal Agricultural Income-Tax (Amendment) Bill, 2026",West Bengal,2026
"The West Bengal Goods and Services Tax (Amendment) Bill, 2026",West Bengal,2026
"The Bengal Vagrancy (Amendment) Bill, 2026",West Bengal,2026
"The Netaji Subhash University of Sports and Entrepreneurship Bill, 2025",West Bengal,2025
"The West Bengal Sales Tax (Settlement of Dispute) (Amendment) Bill, 2025",West Bengal,2025
"The West Bengal Clinical Establishments (Registration, Regulation and Transparency) (Amendment) Bill, 2025",West Bengal,2025
"The West Bengal Minorities’ Commission (Amendment) Bill, 2025",West Bengal,2025
"The Revocation of West Bengal Incentive Schemes and Obligations in the Nature of Grants and Incentives Bill, 2025",West Bengal,2025
"The West Bengal Fiscal Responsibility and Budget Management (Amendment) Bill, 2025",West Bengal,2025
"The West Bengal Land Reforms and Tenancy Tribunal (Amendment) Bill, 2025",West Bengal,2025
"The West Bengal Finance Bill, 2025",West Bengal,2025
"The West Bengal Fiscal Responsibility and Budget Management (Amendment) Bill, 2024",West Bengal,2024
"The West Bengal Thika Tenancy (Acquisition and Regulation) (Amendment) Bill, 2024",West Bengal,2024
"The West Bengal Finance Bill, 2024",West Bengal,2024
"The West Bengal Motor Vehicles Tax (Amendment) Bill, 2024",West Bengal,2024
"The West Bengal Additional Tax and One-Time Tax on Motor Vehicles (Amendment) Bill, 2024",West Bengal,2024
"The West Bengal Goods And Services Tax (Amendment) Bill, 2024",West Bengal,2024
"The Rabindranath Tagore University Bill, 2024",West Bengal,2024
"The West Bengal Non-Trading Corporation (Amendment) Bill, 2024",West Bengal,2024
"The Ramakrishna Paramhansa University Bill, 2024",West Bengal,2024
"The Bhawanipur Global University Bill, 2024",West Bengal,2024
"The West Bengal Municipal (Amendment) Bill, 2024",West Bengal,2024
"The West Bengal Municipal Corporation (Amendment) Bill, 2024",West Bengal,2024
"The West Bengal Entertainments and Luxuries (Hotels and Restaurants) Tax (Settlement of Dispute) Bill, 2024",West Bengal,2024
"The Aparajita Woman and Child (West Bengal Criminal Laws Amendment) Bill, 2024",West Bengal,2024
"The Skill, Knowledge And Fashion University Bill, 2024",West Bengal,2024
"The West Bengal Scheduled Castes, Scheduled Tribes and other Backward Classes Development and Finance Corporation (Amendment) Bill, 2024",West Bengal,2024
"The Howrah Municipal Corporation (Amendment) Bill, 2024",West Bengal,2024
"The West Bengal Finance Bill, 2023",West Bengal,2026
"The West Bengal Land Laws (Repealing) Bill, 2023",West Bengal,2026
"The West Bengal Land Reforms (Amendment) Bill, 2023",West Bengal,2026
"The West Bengal Maintenance of Public Order (Amendment) Bill, 2023",West Bengal,2026
"The West Bengal Lokayukta (Amendment) Bill, 2023",West Bengal,2026
"The West Bengal Salaries and Allowances (Amendment) Bill, 2023",West Bengal,2026
"The West Bengal Labour Welfare Fund (Amendment) Bill, 2023",West Bengal,2026
"The West Bengal University Laws (Amendment) Bill, 2023",West Bengal,2026
"The West Bengal Goods and Services Tax (Amendment) Bill, 2023",West Bengal,2026
"The West Bengal Town and Country (Planning and Development) (Amendment) Bill, 2023",West Bengal,2026
"The West Bengal University Laws (Amendment) Bill, 2022",West Bengal,2026
"The West Bengal Krishi Viswa Vidyalaya Laws (Amendment) Bill, 2022",West Bengal,2026
"The West Bengal Cement Control (Repealing) Bill, 2022",West Bengal,2026
"The West Bengal Finance Bill, 2022",West Bengal,2026
"The Bengal Districts (Repealing) Bill, 2022",West Bengal,2026
"The Bengal Juvenile Smoking (Repealing) Bill, 2022",West Bengal,2026
"The Kolkata Municipal Corporation (Amendment) Bill, 2022",West Bengal,2026
"The West Bengal Municipal (Amendment) Bill, 2022",West Bengal,2026
"The Rajasthan Ayurved, Yoga and Naturopathy University, Ajmer Bill, 2026",Rajasthan,2026
"The Rajasthan Municipalities (Amendment) Bill, 2026",Rajasthan,2026
"The Rajasthan Panchayati Raj (Amendment) Bill, 2026",Rajasthan,2026
"The Rajasthan Prohibition of Transfer of Immovable Property and Provision for Protection of Tenants from Eviction from Premises in Disturbed Areas Bill, 2026",Rajasthan,2026
"The Rajasthan Shops and Commercial Establishments (Amendment) Bill, 2026",Rajasthan,2026
"The Rajasthan Jan Vishwas (Amendment of Provisions) Bill, 2026",Rajasthan,2026
"The Rajasthan Finance Bill, 2026",Rajasthan,2026
"The Bikaner Development Authority Bill, 2025",Rajasthan,2025
"The Bharatpur Development Authority Bill, 2025",Rajasthan,2025
"The Rajasthan Land Revenue (Amendment and Validation) Bill, 2025",Rajasthan,2025
"The Rajasthan Universities' Laws (Amendment) Bill, 2025",Rajasthan,2025
"The Rajasthan Finance Bill, 2025",Rajasthan,2025
"The Rajasthan Goods and Services Tax (Amendment) Bill, 2025",Rajasthan,2025
"The Rajasthan Prohibition of Unlawful Conversion of Religion Bill, 2025",Rajasthan,2025
"The Rajasthan Institute of Medical Sciences, Jaipur Bill, 2025",Rajasthan,2025
"The Fisheries (Amendment) Bill, 2025",Rajasthan,2025
"The Rajasthan Goods and Services Tax (Second Amendment) Bill, 2025",Rajasthan,2025
"The Factories (Rajasthan Amendment) Bill, 2025",Rajasthan,2025
"The Rajasthan University of Health Sciences (Amendment) Bill, 2025",Rajasthan,2025
"The Rajasthan Laws Repealing Bill, 2025",Rajasthan,2025
"The Rajasthan Coaching Centres (Control and Regulation) Bill, 2025",Rajasthan,2025
"The Rajasthan Laws (Amendment) Bill, 2025",Rajasthan,2025
"The Rajasthan Fighters of Democracy Honour Bill, 2024",Rajasthan,2024
"The Rajasthan Ground Water (Conservation and Management) Authority Bill, 2024",Rajasthan,2024
"The Gandhi Vatika Trust, Jaipur (Repeal) Bill, 2024",Rajasthan,2024
"The Rajasthan Finance Bill, 2024",Rajasthan,2024
"The Rajasthan Goods and Services Tax (Amendment) Bill, 2024",Rajasthan,2024
"The Rajasthan Prisons Bill, 2023",Rajasthan,2026
"The Rajiv Gandhi Fintech Digital Institute Bill, 2023",Rajasthan,2026
"The Mahatma Gandhi Institute of Governance and Social Sciences Bill, 2023",Rajasthan,2026
"The Jai Minesh Adivasi University, Ranpur (Kota) Bill, 2023",Rajasthan,2026
"The Rajasthan Micro, Small and Medium Enterprises (Facilitation of Establishment and Operation) (Amendment) Bill, 2023",Rajasthan,2026
"The Baba Amte Divyang University, Jaipur Bill, 2023",Rajasthan,2026
"The Nathdwara Temple (Amendment) Bill, 2023",Rajasthan,2026
"The Rajasthan Electricity (Duty) Bill, 2023",Rajasthan,2026
"The Mahatma Gandhi Divyang University, Jodhpur Bill, 2023",Rajasthan,2026
"The Rajasthan State Farmers Debt Relief Commission Bill, 2023",Rajasthan,2026
"The Rajasthan Tenancy (Amendment) Bill, 2023",Rajasthan,2026
"The Rajasthan Platform Based Gig Workers (Registration and Welfare) Bill, 2023",Rajasthan,2026
"The Rajasthan Finance Bill, 2023",Rajasthan,2026
"The Gandhi Vatika Trust, Jaipur Bill, 2023",Rajasthan,2026
"The Rajasthan Prevention of Anti-Social Activities (Amendment) Bill, 2023",Rajasthan,2026
"The Rajasthan University of Veterinary and Animal Sciences (Jobner) Jaipur Bill, 2023",Rajasthan,2026
"The Uttar Pradesh Shops and Commercial Establishments (Amendment) Bill, 2025",Uttar Pradesh,2025
"The King George's Medical University, Uttar Pradesh (Amendment) Bill, 2025",Uttar Pradesh,2025
"The Uttar Pradesh Facilitative Trade (Amendment of Provisions) Bill, 2025",Uttar Pradesh,2025
"The Uttar Pradesh Municipal Corporation (Amendment) Bill, 2025",Uttar Pradesh,2025
"The Uttar Pradesh Entitlement to Pension and Validation Bill, 2025",Uttar Pradesh,2025
"The Uttar Pradesh Education Service Selection Commission (Amendment) Bill, 2025",Uttar Pradesh,2025
"The Uttar Pradesh Sugarcane Cess (Repeal) Bill, 2025",Uttar Pradesh,2025
"The Uttar Pradesh Private Universities (Fifth Amendment) Bill, 2025",Uttar Pradesh,2025
"The Uttar Pradesh Private Universities (Fourth Amendment) Bill, 2025",Uttar Pradesh,2025
"The Uttar Pradesh Private Universities (Third Amendment) Bill, 2025",Uttar Pradesh,2025
"The Uttar Pradesh Rural Population Records Bill, 2025",Uttar Pradesh,2025
"The Uttar Pradesh State Legislature Members and Ministers Amenities Law (Amendment) Bill, 2025",Uttar Pradesh,2025
"The Uttar Pradesh Fiscal Responsibility and Budget Management (Amendment) Bill, 2025",Uttar Pradesh,2025
"The Uttar Pradesh State Public Service Commission (Regulation of Procedure) (Amendment) Bill, 2025",Uttar Pradesh,2025
"The Uttar Pradesh Shri Banke Bihari Ji Temple Trust Bill, 2025",Uttar Pradesh,2025
"The Uttar Pradesh Public Records Bill, 2025",Uttar Pradesh,2025
"The Uttar Pradesh Goods and Services Tax (Amendment) Bill, 2025",Uttar Pradesh,2025
"The Uttar Pradesh Motor Vehicle Taxation (Amendment) Bill, 2025",Uttar Pradesh,2025
"The Uttar Pradesh Private Universities (Amendment) Bill, 2025",Uttar Pradesh,2025
"The Uttar Pradesh Repeal Bill, 2025",Uttar Pradesh,2025
"The Uttar Pradesh Private Universities (Second Amendment) Bill, 2025",Uttar Pradesh,2025
"The Uttar Pradesh Town Planning and Development (Amendment) Bill, 2025",Uttar Pradesh,2025
"The Sanjay Gandhi Postgraduate Institute of Medical Sciences (Amendment) Bill, 2025",Uttar Pradesh,2025
"The Uttar Pradesh Gou-Seva Commission (Amendment) Bill, 2024",Uttar Pradesh,2024
"The Uttar Pradesh Private Universities (Sixth Amendment) Bill, 2024",Uttar Pradesh,2024
"The Uttar Pradesh Private Universities (Eighth Amendment) Bill, 2024",Uttar Pradesh,2024
"The Uttar Pradesh District Planning Committee (Amendment) Bill, 2024",Uttar Pradesh,2024
"The Madhya Pradesh Labour Welfare Fund (Amendment) Bill, 2026",Madhya Pradesh,2026
"The Registration (Madhya Pradesh Amendment) Bill, 2025",Madhya Pradesh,2025
"The Madhya Pradesh Goods and Services Tax (Amendment) Bill, 2025",Madhya Pradesh,2025
"The Indian Stamp (Madhya Pradesh Amendment) Bill, 2025",Madhya Pradesh,2025
"The Madhya Pradesh Universities (Amendment) Bill, 2025",Madhya Pradesh,2025
"The Madhya Pradesh Labor Laws (Amendment) and Miscellaneous Provisions Bill, 2025",Madhya Pradesh,2025
"The Madhya Pradesh Co-operative Societies (Amendment) Bill, 2025",Madhya Pradesh,2025
"The Madhya Pradesh Town and Village Investment (Amendment) Bill, 2025",Madhya Pradesh,2025
"The Madhya Pradesh Municipal (Amendment) Bill, 2025",Madhya Pradesh,2025
"The Madhya Pradesh Shops and Establishments (Second Amendment) Bill, 2025",Madhya Pradesh,2025
"The Madhya Pradesh Legal Aid and Legal Advice for Weaker Sections of Society (Repeal) Bill, 2025",Madhya Pradesh,2025
"The Madhya Pradesh Arbitration Tribunal (Amendment) Bill, 2025",Madhya Pradesh,2025
"The Madhya Pradesh Motor Vehicles Taxation (Amendment) Bill, 2025",Madhya Pradesh,2025
"The Madhya Pradesh Shops and Establishments (Amendment) Bill, 2025",Madhya Pradesh,2025
"The Factories (Madhya Pradesh Amendment) Bill, 2025",Madhya Pradesh,2025
"The Madhya Pradesh Public Trust (Amendment of Provisions) Bill, 2025",Madhya Pradesh,2025
"The Madhya Pradesh Metropolitan Region Planning and Development Bill, 2025",Madhya Pradesh,2025
"The Indian Stamp (Madhya Pradesh Second Amendment) Bill, 2025",Madhya Pradesh,2025
"The Madhya Pradesh Municipality (Amendment) Bill, 2024",Madhya Pradesh,2024
"The Madhya Pradesh University (Amendment) Bill, 2024",Madhya Pradesh,2024
"The Madhya Pradesh Goods and Services Tax (Amendment) Bill, 2024",Madhya Pradesh,2024
"The Madhya Pradesh Goods and Services Tax (Third Amendment) Bill, 2024",Madhya Pradesh,2024
"The Madhya Pradesh University Law (Amendment) Bill, 2024",Madhya Pradesh,2024
"The Madhya Pradesh Private Schools (Regulation of Fees and Related Matters) Amendment Bill, 2024",Madhya Pradesh,2024
"The Madhya Pradesh Jan Vishwas (Amendment of Provisions) Bill, 2024",Madhya Pradesh,2024
"The Madhya Pradesh Municipality (Second Amendment) Bill, 2024",Madhya Pradesh,2024
"The Madhya Pradesh Municipal Corporation (Amendment) Bill, 2024",Madhya Pradesh,2024
"The Madhya Pradesh Maa Sharda Devi Temple (Amendment) Bill, 2024",Madhya Pradesh,2024
"The Madhya Pradesh Legislative Assembly Leader of Opposition (Salary and Allowances) Amendment Bill, 2024",Madhya Pradesh,2024
"The Madhya Pradesh Legislative Assembly Speaker and Deputy Speaker (Salaries and Allowances) Amendment Bill, 2024",Madhya Pradesh,2024
"The Provincial Small Cause Courts (Repeal) Bill, 2024",Madhya Pradesh,2024
"The Madhya Pradesh Prevention and Safety Bill, 2024",Madhya Pradesh,2024
"The Madhya Pradesh Cow Slaughter Prohibition (Amendment) Bill, 2024",Madhya Pradesh,2024
"The Madhya Pradesh Private University (Establishment and Operation) Amendment Bill, 2024",Madhya Pradesh,2024
"The Madhya Pradesh Ministers (Salaries and Allowances) Amendment Bill, 2024",Madhya Pradesh,2024
"The Madhya Pradesh Correctional Services and Prisons Bill, 2024",Madhya Pradesh,2024
"The Madhya Pradesh University (Second Amendment) Bill, 2024",Madhya Pradesh,2024
"The Madhya Pradesh Local Authority (Election Offences) Amendment Bill, 2024",Madhya Pradesh,2024
"The Madhya Pradesh University of Medical Sciences (Amendment) Bill, 2024",Madhya Pradesh,2024
"The Madhya Pradesh Goods and Services Tax (Amendment) Bill, 2023",Madhya Pradesh,2026
"The Madhya Pradesh Profession Tax (Amendment) Bill, 2023",Madhya Pradesh,2026
"Cigarettes and Other Tobacco Products (Prohibition of Advertisement and Regulation of Trade and Commerce, Production, Supply and Distribution) Madhya Pradesh Amendment Bill, 2023",Madhya Pradesh,2026
"The Gwalior Trade Fair Authority (Amendment) Bill, 2023",Madhya Pradesh,2026
"The Madhya Pradesh Establishment and Operation of Industries Simplification Bill, 2023",Madhya Pradesh,2026
"The Bihar Private Professional Educational Institutions (Regulation of Admission and Determination of Fees) Bill, 2026",Bihar,2026
"The Bihar Micro Finance Institutions (Regulation of Money Lending and Prevention of Coercive Action) Bill, 2026",Bihar,2026
"The Bihar Secretariat Service (Amendment) Bill, 2026",Bihar,2026
"The Bihar Civil Court Bill, 2026",Bihar,2026
"The Bihar Municipal (Amendment) Bill, 2026",Bihar,2026
"The Bihar Staff Selection Commission (Amendment) Bill, 2026",Bihar,2026
"The Bihar Technical Service Commission (Amendment) Bill, 2026",Bihar,2026
"The Bihar Madrasa Board (Amendment) Bill, 2026",Bihar,2026
"The Bihar Jan Vishwas (Amendment of Provisions) Bill, 2026",Bihar,2026
"The Bihar Advocates Welfare Fund (Amendment) Bill, 2026",Bihar,2026
"The Bihar Underground Pipe Line (Acquisition of user's Right in Land) (Amendment) Bill, 2025",Bihar,2025
"The Bihar Agricultural Land (Conversion for Non-agricultural Purposes) (Amendment) Bill, 2025",Bihar,2025
"The Bihar Special Survey and Settlement (Amendment) Bill, 2025",Bihar,2025
"The Bihar Municipal (Amendment) Bill, 2025",Bihar,2025
"The Bihar Hindu Religious Trust (Amendment) Bill, 2025",Bihar,2025
"The Bihar Goods And Services Tax (First Amendment) Bill, 2025",Bihar,2025
"The Bihar Co-operative Societies (Amendment) Bill, 2025",Bihar,2025
"The Bihar Wood-Based Industries (Establishment and Regulation) Bill, 2025",Bihar,2025
"The Factories (Bihar Amendment) Bill, 2025",Bihar,2025
"The Bihar Shops and Establishments (Regulation of Employment and Conditions of Service) Bill, 2025",Bihar,2025
"The Bihar Platform Based Gig Workers (Registration, Safety and Welfare) Bill, 2025",Bihar,2025
"Jannayak Karpuri Thakur Skill University Bill, 2025",Bihar,2025
"The Bihar Animal Breeding Regulation Bill, 2025",Bihar,2025
"The Bihar Agricultural University (Amendment) Bill, 2025",Bihar,2025
"The Bihar Sanskrit Education Board (Amendment) Bill, 2024",Bihar,2024
"The Bihar State Child Labour Commission (Amendment) Bill, 2024",Bihar,2024
"The Bihar Value Added Tax (Amendment) Bill, 2024",Bihar,2024
"The Bihar Settlement of Taxation Disputes Bill, 2024",Bihar,2024
"The Bihar Public Safety (Measures) Enforcement Bill, 2024",Bihar,2024
"The Bihar Control of Crimes Bill, 2024",Bihar,2024
"The Bihar Technical Service Commission (Amendment) Bill, 2024",Bihar,2024
"The Bihar Sports University (Amendment) Bill, 2024",Bihar,2024
"The Bihar Government Premises (Allotment, Rent, Recovery and Eviction) (Amendment) Bill, 2024",Bihar,2024
"The Vesting of Bettiah Raj Properties Bill, 2024",Bihar,2024
"The Bihar Goods and Services Tax (Second Amendment) Bill, 2024",Bihar,2024
"The Bihar Lift and Escalators Bill, 2024",Bihar,2024
"The Bihar Goods and Services Tax (Amendment) Bill, 2024",Bihar,2024
"The Bihar Public Examinations (Prevention of Unfair Means) Bill, 2024",Bihar,2024
"The Bihar School Examination Board (Amendment) Bill, 2024",Bihar,2024
"The Bihar State University Service Commission (Amendment) Bill, 2024",Bihar,2024
"The Bihar Municipal (Amendment) Bill, 2024",Bihar,2024
"The Bihar State Women Commission (Amendment) Bill, 2024",Bihar,2024
"The Bihar State Minorities Commission (Amendment) Bill, 2024",Bihar,2024
"The Bihar State Madarsa Education Board (Amendment) Bill, 2024",Bihar,2024
"The Bihar Secretariat Service (Amendment) Bill, 2023",Bihar,2026
"The Bihar Goods and Services Tax (Amendment) Bill, 2023",Bihar,2026
"The Odisha Ministers' Salaries and Allowances (Amendment) Bill, 2025",Odisha,2025
"The Odisha Prevention of Land Encroachment (Amendment) Bill, 2025",Odisha,2025
"The Odisha Goods and Services Tax (Amendment) Bill, 2025",Odisha,2025
"The Odisha Universities (Amendment) Bill, 2025",Odisha,2025
"The Odisha Legislative Assembly Deputy Speakers Salary and Allowances (Amendment) Bill, 2025",Odisha,2025
"The Odisha Shops and Commercial Establishments (Amendment) Bill, 2025",Odisha,2025
"The Odisha Jan Vishwas Bill, 2025",Odisha,2025
"The Odisha Legislative Assembly Members Salary, Allowances and Pension (Amendment) Bill, 2025",Odisha,2025
"The Odisha Legislative Assembly Speakers Salary and Allowances (Amendment) Bill, 2025",Odisha,2025
"The Odisha Goods and Services Tax (Second Amendment) Bill, 2024",Odisha,2024
"The Odisha Public Examinations (Prevention of Unfair Means) Bill, 2024",Odisha,2024
"The Right to Fair Compensation and Transparency in Land Acquisition, Rehabilitation and Resettlement (Odisha Amendment) Bill, 2023",Odisha,2026
"The Odisha Apartment (Ownership and Management) Bill, 2023",Odisha,2026
"The Odisha Land Reforms (Second Amendment) Bill, 2023",Odisha,2026
"The Odisha Land Reforms (Amendment) Bill, 2023",Odisha,2026
"The Odisha State Commission for Backward Classes (Amendment) Bill, 2023",Odisha,2026
"The Odisha Consolidation of Holdings and Prevention of Fragmentation of Land (Amendment) Bill, 2023",Odisha,2026
"The Odisha Pani Panchayat (Amendment) Bill, 2023",Odisha,2026
"The Silicon University, Odisha Bill, 2023",Odisha,2026
"The Odisha Municipal Laws (Amendment) Bill, 2023",Odisha,2026
"The NIST University, Odisha Bill, 2023",Odisha,2026
"The Odisha Goods and Services Tax (Amendment) Bill, 2023",Odisha,2026
"The Odisha Reservation of Vacancies in Posts and Services (For Scheduled Castes and Scheduled Tribes)(Amendment) Bill, 2023",Odisha,2026
"The Odisha District Planning Committees (Amendment) Bill, 2022",Odisha,2026
"The Odisha Fiscal Responsibility and Budget Management (Amendment) Bill, 2022",Odisha,2026
"The DRIEMS University, Odisha Bill, 2022",Odisha,2026
"Shri Jagannath Temple (Amendment) Bill, 2022",Odisha,2026
"The Odisha Panchayat Laws (Amendment) Bill, 2022",Odisha,2026
"The Odisha Municipal Laws (Amendment) Bill, 2022",Odisha,2026
"The Odisha Municipal Corporation (Amendment) Bill, 2022",Odisha,2026
"The Gandhi Institute of Engineering and Technology University, Odisha (Amendment) Bill, 2022",Odisha,2026
"The C.V. Raman Global University, Odisha (Amendment) Bill, 2022",Odisha,2026
"The Odisha Lokayukta (Amendment) Bill, 2022",Odisha,2026
"The Odisha Fire Service (Amendment) Bill, 2022",Odisha,2026
"The Odisha Goods and Services Tax (Amendment) Bill, 2022",Odisha,2026
"The Telangana Panchayat Raj (Second Amendment) Bill, 2026",Telangana,2026
"The Telangana Panchayat Raj (Amendment) Bill, 2026",Telangana,2026
"The Telangana (Regulation of Appointments to Public Services and Rationalization of Staff Pattern and Pay Structure) (Second Amendment) Bill, 2026",Telangana,2026
"The Telangana (Regulation of Appointments to Public Services and Rationalization of Staff Pattern and Pay Structure) (Amendment) Bill, 2026",Telangana,2026
"The Telangana Motor Vehicles Taxation (Amendment) Bill, 2026",Telangana,2026
"The Telangana Private Universities (Establishment and Regulation) (Amendment) Bill, 2026",Telangana,2026
"The Greater Hyderabad Municipal Corporation (Second Amendment) Bill, 2026",Telangana,2026
"The Greater Hyderabad Municipal Corporation (Amendment) Bill, 2026",Telangana,2026
"The Telangana Municipalities (Third Amendment) Bill, 2026",Telangana,2026
"The Telangana Municipalities (Second Amendment) Bill, 2026",Telangana,2026
"The Telangana Goods and Services Tax (Amendment) Bill, 2026",Telangana,2026
"The Telangana Universities (Amendment) Bill, 2026",Telangana,2026
"The Telangana Municipalities (Fourth Amendment) Bill, 2026",Telangana,2026
"The Telangana Panchayat Raj (Amendment) Bill, 2025",Telangana,2025
"The Telangana Municipalities (Amendment) Bill, 2025",Telangana,2025
"The Telangana Advocates Clerks Welfare Fund (Amendment) Bill, 2025",Telangana,2025
"The Telangana Advocates Welfare Fund (Amendment) Bill, 2025",Telangana,2025
"The Telangana Charitable and Hindu Religious Institutions and Endowments (Amendment) Bill, 2025",Telangana,2025
"The Telangana Backward Classes (Reservation of Seats In Rural and Urban Local Bodies) Bill, 2025",Telangana,2025
"The Telangana Backward Classes, Scheduled Castes and Scheduled Tribes (Reservation of Seats In Educational Institutions and of Appointments or Posts In The Services Under The State) Bill, 2025",Telangana,2025
"The Telangana Scheduled Castes (Rationalisation of Reservations) Bill, 2025",Telangana,2025
"The Telangana Panchayat Raj (Second Amendment) Bill, 2025",Telangana,2025
"The Telangana Municipalities (Second Amendment) Bill, 2025",Telangana,2025
"The Telangana Allopathic Private Medical Care Establishments (Registration and Regulation) (Repeal) Bill, 2025",Telangana,2025
"The Telangana Panchayat Raj (Third Amendment) Bill, 2025",Telangana,2025
"The Telangana Municipalities (Third Amendment) Bill, 2025",Telangana,2025
"The Telangana Transplantation of Human Organs (Repeal) Bill, 2025",Telangana,2025
"The Potti Sreeramulu Telugu University (Amendment) Bill, 2025",Telangana,2025
"The Draft Telangana Gig and Platform Workers (Registration, Social Security, and Welfare) Bill, 2025",Telangana,2025
"The Young India Physical Education and Sports University of Telangana Bill, 2024",Telangana,2024
"The Telangana (Regulation of Appointments to Public Services and Rationalisation of Staff Pattern and Pay Structure (Amendment) Bill, 2024",Telangana,2024
"The Telangana Laws (Change of Acronyms) Bill, 2024",Telangana,2024
"The Telangana Civil Courts (Amendment) Bill, 2024",Telangana,2024
"The Young India Skills University (Public-Private Partnership) Bill, 2024",Telangana,2024
"The Telangana Panchayat Raj (Amendment) Bill, 2024",Telangana,2024
"The Andhra Pradesh Farmers Management of Irrigation Systems (Amendment) Bill, 2026",Andhra Pradesh,2026
"The Andhra Pradesh Prisons and Correctional Services Bill, 2026",Andhra Pradesh,2026
"Sri Venkateswara Vedic University (Amendment) Bill, 2026",Andhra Pradesh,2026
"The Andhra Pradesh Charitable and Hindu Religious Institutions and Endowments (Amendment) Bill, 2026",Andhra Pradesh,2026
"The Andhra Pradesh Allopathic Private Medical Care and Establishments (Registration and Regulation) (Amendment) Bill, 2026",Andhra Pradesh,2026
"The Andhra Pradesh Panchayat Raj (Amendment) Bill, 2026",Andhra Pradesh,2026
"The Andhra Pradesh Electricity Duty (Amendment) Bill, 2026",Andhra Pradesh,2026
"The Andhra Pradesh Municipal Laws (Second Amendment) Bill, 2026",Andhra Pradesh,2026
"The Andhra Pradesh Value Added Tax (Amendment) Bill, 2026",Andhra Pradesh,2026
"The Jawaharlal Nehru Technological Universities (Amendment) Bill, 2026",Andhra Pradesh,2026
"The Andhra Pradesh Motor Vehicles Taxation (Amendment) Bill, 2026",Andhra Pradesh,2026
"The Andhra Pradesh Jan Vishwas (Amendment of Provisions) Bill, 2026",Andhra Pradesh,2026
"The Andhra Pradesh Fire Service (Amendment) Bill, 2026",Andhra Pradesh,2026
"The Andhra Pradesh Grama Sachivalayams and Ward Sachivalayams (GSWS) (Amendment) Bill, 2026",Andhra Pradesh,2026
"The Andhra Pradesh Assigned Lands (Prohibition of Transfers) (Amendment) Bill, 2026",Andhra Pradesh,2026
"The Andhra Pradesh Municipal Laws (Amendment) Bill, 2026",Andhra Pradesh,2026
"The Andhra Pradesh Private Universities (Establishment and Regulation) (Second Amendment) Bill, 2025",Andhra Pradesh,2025
"The Andhra Pradesh State Teachers Transfers Regulation Bill, 2025",Andhra Pradesh,2025
"The Andhra Pradesh Private Universities (Establishment and Regulation) (Amendment) Bill, 2025",Andhra Pradesh,2025
"The Andhra Pradesh Metropolitan Region and Urban Development Authorities (Amendment) Bill, 2025",Andhra Pradesh,2025
"The Andhra Pradesh Goods and Services Tax (Amendment) Bill, 2025",Andhra Pradesh,2025
"The Andhra Pradesh (Regulation of Appointments to Public Services and Rationalisation of Staff Pattern and Pay Structure) (Amendment) Bill, 2025",Andhra Pradesh,2025
"The Andhra Pradesh (Andhra Area) Ayurvedic and Homeopathic Medical Practitioners Registration (Amendment) Bill, 2025",Andhra Pradesh,2025
"The Andhra Pradesh Agricultural Land (Conversion for Non Agricultural Purposes) (Repeal) Bill, 2025",Andhra Pradesh,2025
"The Andhra Pradesh Universities (Amendment) Bill, 2025",Andhra Pradesh,2025
"The Andhra Pradesh Private Universities (Establishment and Regulation) (Third Amendment) Bill, 2025",Andhra Pradesh,2025
"The India International University of Legal Education and Research of the Bar Council of India Trust at Andhra Pradesh Bill, 2025",Andhra Pradesh,2025
"The Andhra Pradesh Municipalities (Amendment) Bill, 2025",Andhra Pradesh,2025
"The Andhra Pradesh Municipal Laws (Fourth Amendment) Bill, 2025",Andhra Pradesh,2025
"The Andhra Pradesh Municipal Laws (Third Amendment) Bill, 2025",Andhra Pradesh,2025
"The Andhra Pradesh Municipal Laws (Second Amendment) Bill, 2025",Andhra Pradesh,2025
"The Andhra Pradesh Municipal Laws (Amendment) Bill, 2025",Andhra Pradesh,2025
"The Andhra Pradesh State Aquaculture Development Authority (Amendment) Bill, 2025",Andhra Pradesh,2025
"The Andhra Pradesh Rights in Land and Pattadar Pass Books (Amendment) Bill, 2025",Andhra Pradesh,2025
"The Andhra Pradesh Grama Sachivalayams and Ward Sachivalayams (GSWS) (Amendment) Bill, 2025",Andhra Pradesh,2025
"The Bharatiya Nagarik Suraksha Sanhita (Andhra Pradesh Amendment) Bill, 2025",Andhra Pradesh,2025
"The Andhra Pradesh Panchayat Raj (Amendment) Bill, 2025",Andhra Pradesh,2025
"The Andhra Pradesh Scheduled Castes (Sub-Classification) Bill, 2025",Andhra Pradesh,2025
"The Andhra Pradesh Excise (Amendment) Bill, 2025",Andhra Pradesh,2025
"The Factories (Andhra Pradesh Amendment) Bill, 2025",Andhra Pradesh,2025
"The Andhra Pradesh Prevention of Begging (Amendment) Bill, 2025",Andhra Pradesh,2025
"The Andhra Pradesh State Commission for Scheduled Tribes (Amendment) Bill, 2025",Andhra Pradesh,2025
"The Andhra Pradesh Shops and Establishments (Amendment) Bill, 2025",Andhra Pradesh,2025
"The Andhra Pradesh Motor Vehicles Taxation (Amendment) Bill, 2025",Andhra Pradesh,2025
"The Haryana Consolidation of Project Land (Special Provisions) Amendment Bill, 2026",Haryana,2026
"The Haryana Development and Regulation of Urban Areas (Amendment) Bill, 2026",Haryana,2026
"The Haryana Fiscal Responsibility and Budget Management (Amendment) Bill, 2026",Haryana,2026
"The Haryana Police (Amendment) Bill, 2026",Haryana,2026
"The Haryana Registration and Regulation of Travel Agents (Amendment) Bill, 2026",Haryana,2026
"The Haryana Extension Lecturers and Guest Lecturers (Security of Service) Amendment Bill, 2026",Haryana,2026
"The Haryana Honorable Disposal of Dead Body Bill, 2025",Haryana,2025
"The Insecticides (Haryana Amendment) Bill, 2025",Haryana,2025
"The Seeds (Haryana Amendment) Bill, 2025",Haryana,2025
"The Haryana Land Revenue (Amendment) Bill, 2025",Haryana,2025
"The Haryana Panchayati Raj (Amendment) Bill, 2025",Haryana,2025
"The Haryana Scheduled Roads and Controlled Areas Restriction of Unregulated Development (Amendment) Bill, 2025",Haryana,2025
"The Haryana Shops and Commercial Establishment (Amendment) Bill, 2025",Haryana,2025
"The Haryana Abadi Deh (Vesting, Recording and Resolving of Ownership Rights) Bill, 2025",Haryana,2025
"The Haryana Private Universities (Amendment) Bill, 2025",Haryana,2025
"The Haryana Jan Vishwas (Amendment of Provisions) Bill, 2025",Haryana,2025
"The Haryana Housing Board (Amendment) Bill, 2025",Haryana,2025
"The Haryana Technical Education Guest Faculty (Security of Service) Amendment Bill, 2025",Haryana,2025
"The Haryana Panchayati Raj (Second Amendment) Bill, 2025",Haryana,2025
"The Haryana Municipal Corporation (Amendment) Bill, 2025",Haryana,2025
"The Haryana Shri Haryana Shri Kapal Mochan, Shri Badri Narain, Shri Mantra Devi and Shri Kedar Nath Shrine (Amendment) Bill, 2025",Haryana,2025
"The Haryana Antrarashtriya Gita Jyanti Mela Authority (Amendment) Bill, 2025",Haryana,2025
"The Sports University of Haryana (Amendment) Bill, 2025",Haryana,2025
"The Haryana Shri Mata Bhimeshwari Devi Mandir (Ashram), Beri Shrine (Amendment) Bill, 2025",Haryana,2025
"The Haryana Shri Mata Sheetla Devi Shrine (Amendment) Bill, 2025",Haryana,2025
"The Haryana Shri Mata Mansa Devi Shrine (Amendment) Bill, 2025",Haryana,2025
"The Haryana Municipal Bill, 2025",Haryana,2025
"The Haryana Municipal Bodies Bill, 2025",Haryana,2025
"The Haryana Legislative Assembly (Facilities to Members) Second Amendment Bill, 2025",Haryana,2025
"The Haryana Management of Civic Amenities and Infrastructure Deficient Municipal Areas (Special Provisions) Amendment Bill, 2025",Haryana,2025
"The Haryana Management of Civic Amenities and Infrastructure Deficient Areas Outside Municipal Area (Special Provisions) Amendment Bill, 2025",Haryana,2025
"The Haryana Goods and Services Tax (Amendment) Bill, 2025",Haryana,2025
"The Haryana Backward Classes Commission (Amendment) Bill, 2025",Haryana,2025
"The Panchkula Metropolitan Development Authority (Amendment) Bill, 2025",Haryana,2025
"The Haryana Legislative Assembly (Salary, Allowances and Pension of Members) Amendment Bill, 2025",Haryana,2025
"The Haryana Legislative Assembly (Facilities to Members) Amendment Bill, 2025",Haryana,2025
"The Haryana Legislative Assembly (Medical Facilities to Members) Amendment Bill, 2025",Haryana,2025
"The Haryana (Exchange of Prisoners) Repeal Bill, 2025",Haryana,2025
"The Aparna Institution (Taking over of Management and Control) Bill, 2025",Haryana,2025
"The Haryana Horticulture Nurseries Bill, 2025",Haryana,2025
"The Haryana Contractual Employees (Security of Service) Amendment Bill, 2025",Haryana,2025
"The Haryana Prevention of Public Gambling Bill, 2025",Haryana,2025
"The Haryana Registration and Regulation of Travel Agents Bill, 2025",Haryana,2025
"The Societies Registration (Delhi Amendment) Bill, 2026",Delhi,2026
"The Delhi Shops and Establishments (Amendment) Bill, 2026",Delhi,2026
"The Delhi Jan Vishwas (Amendment of Provisions) Bill, 2026",Delhi,2026
"The Court Fees (Delhi Amendment) Bill, 2026",Delhi,2026
"The Delhi Goods and Services Tax (Second Amendment) Bill, 2025",Delhi,2025
"The Delhi Goods and Services Tax (Amendment) Bill, 2025",Delhi,2025
"The Delhi School Education (Transparency in Fixation and Regulation of Fees) Bill, 2025",Delhi,2025
"The Delhi Goods & Services Tax (Third Amendment) Bill, 2024",Delhi,2024
"The Delhi Goods and Services Tax (Second Amendment) Bill, 2023",Delhi,2026
"The Delhi Goods and Services Tax (Amendment) Bill, 2023",Delhi,2026
"The Salary and Allowances of the Chief Whip in the Legislative Assembly of the National Capital Territory of Delhi (Amendment) Bill, 2022",Delhi,2026
"The Members of Legislative Assembly of the National Capital Territory of Delhi (Salaries, Allowances, Pension etc.) (Amendment) Bill, 2022",Delhi,2026
"The Ministers of the Government of National Capital Territory of Delhi (Salaries and Allowances) (Amendment) Bill, 2022",Delhi,2026
"The Goa Provision of Water Supply (Amendment) Bill, 2022",Delhi,2026
"The Delhi Electricity Reforms (Amendment) Bill, 2022",Delhi,2026
"The Delhi Teachers University Bill, 2022",Delhi,2026
"The Leader of Opposition in the Legislative Assembly of the National Capital Territory of Delhi (Salaries and Allowances) (Amendment) Bill, 2022",Delhi,2026
"The Speaker and Deputy Speaker of the Legislative Assembly of National Capital Territory of Delhi (Salaries and Allowances) (Amendment) Bill, 2022",Delhi,2026
"The Delhi Sikh Gurdwaras (Amendment) Bill, 2022",Delhi,2026
"The NCT of Delhi (Incredible India) Bed and Breakfast Establishments (Registration & Regulation) (Amendment) Bill, 2021",Delhi,2026
"The Delhi Goods and Services Tax (Amendment) Bill, 2021",Delhi,2026
"The Delhi Goods and Services Tax (Amendment) Bill, 2020",Delhi,2026
"The Delhi Goods and Services Tax (Amendment) Bill, 2019",Delhi,2026
"The Delhi Sports University Bill, 2019",Delhi,2026
"The Delhi Skills and Entrepreneurship University Bill, 2019",Delhi,2026
"The Contingency Fund of the NCT of Delhi (Amendment) Bill, 2018",Delhi,2026
"The Delhi Goods & Services Tax (Amendment) Bill, 2018",Delhi,2026
"The Regularisation of Services of Guest Teachers and Teachers Engaged Under The 'Sarva Shiksha Abhiyan' Bill, 2017",Delhi,2026
"The Delhi (Right of Citizen to Time Bound Delivery of Services) Amendment Bill, 2017",Delhi,2026
"The Minimum Wages (Delhi) Amendment Bill, 2017",Delhi,2026
"The Delhi Netaji Subhas University of Technology Bill, 2017",Delhi,2026
"The Delhi Goods and Services Tax (GST) Bill, 2017",Delhi,2026
"The Delhi Tax on Luxuries (Amendment) Bill, 2016",Delhi,2026
"The Delhi School (Verification of Accounts and Refund of Excess Fee) Bill, 2015",Delhi,2026
"The Delhi Value Added Tax (2nd Amendment) Bill, 2015",Delhi,2026
"The Delhi Members of Legislative Assembly (Removal of Disqualification) (Amendment) Bill, 2015",Delhi,2026
"The Delhi Netaji Subhas University of Technology Bill, 2015",Delhi,2026
The Delhi Urban Shelter Improvement Board (Amendment) Act 2015,Delhi,2026
"The Delhi Value Added Tax (1st Amendment) Bill, 2015",Delhi,2026
"The Delhi Value Added Tax (3rd Amendment) Bill, 2015",Delhi,2026
"The Salary and Allowances of the Chief Whip in the Legislative Assembly of the National Capital Territory of Delhi (Amendment) Bill, 2015",Delhi,2026
"The Leader of Opposition in the Legislative Assembly of the National Capital Territory of Delhi (Salaries and Allowances) (Amendment) Bill, 2015",Delhi,2026
"The Speaker and Deputy Speaker of the Legislative Assembly of National Capital Territory of Delhi (Salaries and Allowances) (Amendment) Bill, 2015",Delhi,2026
"The Ministers of The National Capital Territory of Delhi (Salaries and Allowances) (Amendment) Bill, 2015",Delhi,2026
"The Members of Legislative Assembly of National Capital Territory of Delhi (Salaries, Allowances, Pension, etc.) (Amendment) Bill, 2015",Delhi,2026
"The Delhi Jan Lokpal Bill, 2015",Delhi,2026
